Workbook

Sheet Instrucciones
A1: Registro de asistencia — Analítica de Datos
A3: Cómo usar este archivo:
A4: 1. Ve a la pestaña 'Asistencia'. La columna C ('EJEMPLO') ya está diligenciada para
A5: mostrarte el formato esperado — reemplázala por tu primera sesión real o déjala como guía.
A6: 2. Cada sesión de clase es una columna. En la fila 1 de la primera columna libre
A7: (D en adelante) escribe la fecha de la sesión (ej. 2026-08-24).
A8: 3. En esa misma columna, para cada estudiante (filas 2 a 13), selecciona su estado
A9: desde la lista desplegable: P = Presente, A = Ausente, E = Excusa.
A10: 4. La pestaña 'Resumen' calcula automáticamente el número de sesiones registradas,
A11: presentes, ausencias, excusas y el porcentaje de asistencia de cada estudiante.
A12: 5. La pestaña 'Estudiantes' contiene el listado oficial (documento, plan, correo);
A13: actualízala si hay novedades de matrícula (retiros, adiciones).
... A20: (código 4200729, Universidad Nacional de Colombia — Sede Manizales).

Sheet Estudiantes
A1: id_estudiante | B1: Apellidos y nombres | C1: Documento | D1: Plan | E1: Correo
A2: 1 | B2: AGUDELO BURGOS, JUAN ESTEBAN | C2: 1056120138 | D2: 4034 - CIENCIAS DE LA COMPUTACIÓN | E2: juagudelobu@unal.edu.co
A3: 2 | B3: ARBOLEDA HERNANDEZ, THOMAS | C3: 1053872933 | D3: 4022 - INGENIERIA ELECTRICA | E3: tarboleda@unal.edu.co
A4: 3 | B4: ESTRADA OCAMPO, MIGUEL ANGEL | C4: 1109291838 | D4: 4028 - INGENIERIA ELECTRONICA | E4: mestradao@unal.edu.co
A5: 4 | B5: GRANADA CARDONA, JUAN ESTEBAN | C5: 1002653804 | D5: 4028 - INGENIERIA ELECTRONICA | E5: jugranada@unal.edu.co
A6: 5 | B6: HERNÁNDEZ TULCÁN, EVER DANIEL | C6: 1192891902 | D6: 4028 - INGENIERIA ELECTRONICA | E6: evhernandezt@unal.edu.co
A7: 6 | B7: MENDIETA DILBERT, JOHAN SEBASTIAN | C7: 1123890896 | D7: 4028 - INGENIERIA ELECTRONICA | E7: jomendietad@unal.edu.co
A8: 7 | B8: MORA RIASCOS, MARLYN NATHALIA | C8: 1004728270 | D8: 4028 - INGENIERIA ELECTRONICA | E8: mmorari@unal.edu.co
A9: 8 | B9: NOVOA GIRALDO, JERONIMO | C9: 1054858413 | D9: 4028 - INGENIERIA ELECTRONICA | E9: jenovoag@unal.edu.co
A10: 9 | B10: PRIETO ORTEGA, MARIA DE LOS ANGELES | C10: 1062278202 | D10: 4028 - INGENIERIA ELECTRONICA | E10: maprietoo@unal.edu.co
A11: 10 | B11: SILVA RENDON, ANDRES ESTEBAN | C11: 1193573403 | D11: 4034 - CIENCIAS DE LA COMPUTACIÓN | E11: asilvare@unal.edu.co
A12: 11 | B12: VILLADA ARIAS, SERGIO ALEJANDRO | C12: 1002635986 | D12: 4034 - CIENCIAS DE LA COMPUTACIÓN | E12: svilladaa@unal.edu.co
A13: 12 | B13: ZULUAGA YEPES, MARIANA | C13: 1055751503 | D13: 4028 - INGENIERIA ELECTRONICA | E13: mzuluagay@unal.edu.co

Sheet Asistencia
A1: id_estudiante | B1: Apellidos y nombres | C1: EJEMPLO
A2: 1 | B2: AGUDELO BURGOS, JUAN ESTEBAN | C2: P
A3: 2 | B3: ARBOLEDA HERNANDEZ, THOMAS | C3: P
A4: 3 | B4: ESTRADA OCAMPO, MIGUEL ANGEL | C4: A
A5: 4 | B5: GRANADA CARDONA, JUAN ESTEBAN | C5: P
A6: 5 | B6: HERNÁNDEZ TULCÁN, EVER DANIEL | C6: P
A7: 6 | B7: MENDIETA DILBERT, JOHAN SEBASTIAN | C7: E
A8: 7 | B8: MORA RIASCOS, MARLYN NATHALIA | C8: P
A9: 8 | B9: NOVOA GIRALDO, JERONIMO | C9: P
A10: 9 | B10: PRIETO ORTEGA, MARIA DE LOS ANGELES | C10: P
A11: 10 | B11: SILVA RENDON, ANDRES ESTEBAN | C11: A
A12: 11 | B12: VILLADA ARIAS, SERGIO ALEJANDRO | C12: P
A13: 12 | B13: ZULUAGA YEPES, MARIANA | C13: P

Sheet Resumen
A1: id_estudiante | B1: Apellidos y nombres | C1: Sesiones registradas | D1: Presentes (P) | E1: Ausencias (A) | F1: Excusas (E) | G1: % Asistencia
A2: =Asistencia!A2 | B2: =Asistencia!B2 | C2: =COUNTA(Asistencia!C2:BJ2) | D2: =COUNTIF(Asistencia!C2:BJ2,"P") | E2: =COUNTIF(Asistencia!C2:BJ2,"A") | F2: =COUNTIF(Asistencia!C2:BJ2,"E") | G2: =IFERROR((D2+F2)/C2,0)
A3: =Asistencia!A3 | B3: =Asistencia!B3 | C3: =COUNTA(Asistencia!C3:BJ3) | D3: =COUNTIF(Asistencia!C3:BJ3,"P") | E3: =COUNTIF(Asistencia!C3:BJ3,"A") | F3: =COUNTIF(Asistencia!C3:BJ3,"E") | G3: =IFERROR((D3+F3)/C3,0)
A4: =Asistencia!A4 | B4: =Asistencia!B4 | C4: =COUNTA(Asistencia!C4:BJ4) | D4: =COUNTIF(Asistencia!C4:BJ4,"P") | E4: =COUNTIF(Asistencia!C4:BJ4,"A") | F4: =COUNTIF(Asistencia!C4:BJ4,"E") | G4: =IFERROR((D4+F4)/C4,0)
A5: =Asistencia!A5 | B5: =Asistencia!B5 | C5: =COUNTA(Asistencia!C5:BJ5) | D5: =COUNTIF(Asistencia!C5:BJ5,"P") | E5: =COUNTIF(Asistencia!C5:BJ5,"A") | F5: =COUNTIF(Asistencia!C5:BJ5,"E") | G5: =IFERROR((D5+F5)/C5,0)
A6: =Asistencia!A6 | B6: =Asistencia!B6 | C6: =COUNTA(Asistencia!C6:BJ6) | D6: =COUNTIF(Asistencia!C6:BJ6,"P") | E6: =COUNTIF(Asistencia!C6:BJ6,"A") | F6: =COUNTIF(Asistencia!C6:BJ6,"E") | G6: =IFERROR((D6+F6)/C6,0)
A7: =Asistencia!A7 | B7: =Asistencia!B7 | C7: =COUNTA(Asistencia!C7:BJ7) | D7: =COUNTIF(Asistencia!C7:BJ7,"P") | E7: =COUNTIF(Asistencia!C7:BJ7,"A") | F7: =COUNTIF(Asistencia!C7:BJ7,"E") | G7: =IFERROR((D7+F7)/C7,0)
A8: =Asistencia!A8 | B8: =Asistencia!B8 | C8: =COUNTA(Asistencia!C8:BJ8) | D8: =COUNTIF(Asistencia!C8:BJ8,"P") | E8: =COUNTIF(Asistencia!C8:BJ8,"A") | F8: =COUNTIF(Asistencia!C8:BJ8,"E") | G8: =IFERROR((D8+F8)/C8,0)
A9: =Asistencia!A9 | B9: =Asistencia!B9 | C9: =COUNTA(Asistencia!C9:BJ9) | D9: =COUNTIF(Asistencia!C9:BJ9,"P") | E9: =COUNTIF(Asistencia!C9:BJ9,"A") | F9: =COUNTIF(Asistencia!C9:BJ9,"E") | G9: =IFERROR((D9+F9)/C9,0)
A10: =Asistencia!A10 | B10: =Asistencia!B10 | C10: =COUNTA(Asistencia!C10:BJ10) | D10: =COUNTIF(Asistencia!C10:BJ10,"P") | E10: =COUNTIF(Asistencia!C10:BJ10,"A") | F10: =COUNTIF(Asistencia!C10:BJ10,"E") | G10: =IFERROR((D10+F10)/C10,0)
A11: =Asistencia!A11 | B11: =Asistencia!B11 | C11: =COUNTA(Asistencia!C11:BJ11) | D11: =COUNTIF(Asistencia!C11:BJ11,"P") | E11: =COUNTIF(Asistencia!C11:BJ11,"A") | F11: =COUNTIF(Asistencia!C11:BJ11,"E") | G11: =IFERROR((D11+F11)/C11,0)
A12: =Asistencia!A12 | B12: =Asistencia!B12 | C12: =COUNTA(Asistencia!C12:BJ12) | D12: =COUNTIF(Asistencia!C12:BJ12,"P") | E12: =COUNTIF(Asistencia!C12:BJ12,"A") | F12: =COUNTIF(Asistencia!C12:BJ12,"E") | G12: =IFERROR((D12+F12)/C12,0)
A13: =Asistencia!A13 | B13: =Asistencia!B13 | C13: =COUNTA(Asistencia!C13:BJ13) | D13: =COUNTIF(Asistencia!C13:BJ13,"P") | E13: =COUNTIF(Asistencia!C13:BJ13,"A") | F13: =COUNTIF(Asistencia!C13:BJ13,"E") | G13: =IFERROR((D13+F13)/C13,0)
B15: Promedio del curso | G15: =IFERROR(AVERAGE(G2:G13),0)
